{
  "faiss_results": {
    "precision@1": 0.7228915662650602,
    "recall@1": 0.7228915662650602,
    "mrr@1": 0.7228915662650602,
    "map@1": 0.7228915662650602,
    "precision@5": 0.1837349397590361,
    "recall@5": 0.9186746987951807,
    "mrr@5": 0.798644578313253,
    "map@5": 0.798644578313253,
    "precision@10": 0.09578313253012047,
    "recall@10": 0.9578313253012049,
    "mrr@10": 0.8038893669917766,
    "map@10": 0.8038893669917766,
    "precision@50": 0.01969879518072289,
    "recall@50": 0.9849397590361446,
    "mrr@50": 0.8053434277075582,
    "map@50": 0.8053434277075582
  }
}